Company,Opening Date,Closing Date,Listing Date,Issue Price (Rs.),Issue Amount (Rs.cr.),~IPO,~URLRewrite_Folder_Name,~Display_order,~Issue_Open_Date,~IssueCloseDate,~ListingDate,~Highlight_Row,~compare_name,~compare_image,~orderdate,Listing at,Lead Manager
Neetu Yoshi Limited IPO,"Fri, Jun 27, 2025","Tue, Jul 01, 2025",,71.00 to 75.00,73.14,Neetu Yoshi IPO,neetu-yoshi-ipo,10545,2025-06-27T00:00:00.000Z,2025-07-01T00:00:00.000Z,2025-07-04T00:00:00.000Z,,Neetu Yoshi Limited IPO,https://www.chittorgarh.net/images/ipo/neetu-yoshi-ipo-logo.jpg,2025-06-27T00:00:00.000Z,BSE SME,Horizon Management
Indogulf Cropsciences Limited IPO,"Thu, Jun 26, 2025","Mon, Jun 30, 2025",,105.00 to 111.00,200.00,Indogulf Cropsciences IPO,indogulf-cropsciences-ipo,9730,2025-06-26T00:00:00.000Z,2025-06-30T00:00:00.000Z,2025-07-03T00:00:00.000Z,,Indogulf Cropsciences Limited IPO,https://www.chittorgarh.net/images/ipo/indogulf-cropsciences-ipo-logo.png,2025-06-26T00:00:00.000Z,"BSE, NSE",Systematix Corporate
Moving Media Entertainment Limited IPO,"Thu, Jun 26, 2025","Mon, Jun 30, 2025",,66.00 to 70.00,32.91,Moving Media Entertainment IPO,moving-media-entertainment-ipo,9985,2025-06-26T00:00:00.000Z,2025-06-30T00:00:00.000Z,2025-07-03T00:00:00.000Z,,Moving Media Entertainment Limited IPO,https://www.chittorgarh.net/images/ipo/moving-media-logo.png,2025-06-26T00:00:00.000Z,NSE SME,Gretex Corporate Services
Valencia India Limited IPO,"Thu, Jun 26, 2025","Mon, Jun 30, 2025",,95.00 to 110.00,46.49,Valencia India IPO,valencia-india-ipo,9990,2025-06-26T00:00:00.000Z,2025-06-30T00:00:00.000Z,2025-07-03T00:00:00.000Z,,Valencia India Limited IPO,https://www.chittorgarh.net/images/ipo/valencia-ipo-logo.png,2025-06-26T00:00:00.000Z,BSE SME,Interactive Financial
Ace Alpha Tech Limited IPO,"Thu, Jun 26, 2025","Mon, Jun 30, 2025",,65.00 to 69.00,30.40,Ace Alpha Tech IPO,ace-alpha-tech-ipo,10465,2025-06-26T00:00:00.000Z,2025-06-30T00:00:00.000Z,2025-07-03T00:00:00.000Z,,Ace Alpha Tech Limited IPO,https://www.chittorgarh.net/images/ipo/ace-alpha-ipo-logo.jpg,2025-06-26T00:00:00.000Z,BSE SME,Narnolia Financial
PRO FX Tech Limited IPO,"Thu, Jun 26, 2025","Mon, Jun 30, 2025",,82.00 to 87.00,38.21,PRO FX Tech IPO,pro-fx-tech-ipo,10665,2025-06-26T00:00:00.000Z,2025-06-30T00:00:00.000Z,2025-07-03T00:00:00.000Z,,PRO FX Tech Limited IPO,https://www.chittorgarh.net/images/ipo/pro-fx-logo.jpg,2025-06-26T00:00:00.000Z,NSE SME,Hem Securities
Sambhv Steel Tubes Limited IPO,"Wed, Jun 25, 2025","Fri, Jun 27, 2025",,77.00 to 82.00,540.00,Sambhv Steel Tubes IPO,sambhv-steel-tubes-ipo,9725,2025-06-25T00:00:00.000Z,2025-06-27T00:00:00.000Z,2025-07-02T00:00:00.000Z,,Sambhv Steel Tubes Limited IPO,https://www.chittorgarh.net/images/ipo/sambhv-steel-logo.jpeg .jpeg,2025-06-25T00:00:00.000Z,"BSE, NSE",Nuvama Wealth
HDB Financial Services Limited IPO,"Wed, Jun 25, 2025","Fri, Jun 27, 2025",,700.00 to 740.00,12500.00,HDB Financial IPO,hdb-financial-ipo,9815,2025-06-25T00:00:00.000Z,2025-06-27T00:00:00.000Z,2025-07-02T00:00:00.000Z,,HDB Financial Services Limited IPO,https://www.chittorgarh.net/images/ipo/hbd-financial-logo.jpeg,2025-06-25T00:00:00.000Z,"BSE, NSE",Bnp Paribas
Rama Telecom Limited IPO,"Wed, Jun 25, 2025","Fri, Jun 27, 2025",,65.00 to 68.00,23.87,Rama Telecom IPO,rama-telecom-ipo,9915,2025-06-25T00:00:00.000Z,2025-06-27T00:00:00.000Z,2025-07-02T00:00:00.000Z,,Rama Telecom Limited IPO,https://www.chittorgarh.net/images/ipo/rama-telecoms-logo.jpeg,2025-06-25T00:00:00.000Z,NSE SME,Affinity Global
Suntech Infra Solutions Limited IPO,"Wed, Jun 25, 2025","Fri, Jun 27, 2025",,81.00 to 86.00,42.16,Suntech Infra Solutions IPO,suntech-infra-solutions-ipo,10630,2025-06-25T00:00:00.000Z,2025-06-27T00:00:00.000Z,2025-07-02T00:00:00.000Z,,Suntech Infra Solutions Limited IPO,https://www.chittorgarh.net/images/ipo/suntech_infra_logo.jpg,2025-06-25T00:00:00.000Z,NSE SME,GYR Capital Advisors
Supertech EV Limited IPO,"Wed, Jun 25, 2025","Fri, Jun 27, 2025",,87.00 to 92.00,28.39,Supertech EV IPO,supertech-ev-ipo,10665,2025-06-25T00:00:00.000Z,2025-06-27T00:00:00.000Z,2025-07-02T00:00:00.000Z,,Supertech EV Limited IPO,https://www.chittorgarh.net/images/ipo/supertech-ev-logo.png,2025-06-25T00:00:00.000Z,BSE SME,Corporate Makers Capital
Abram Food Limited IPO,"Tue, Jun 24, 2025","Thu, Jun 26, 2025",,98.00,13.29,Abram Food IPO,abram-food-ipo,9820,2025-06-24T00:00:00.000Z,2025-06-26T00:00:00.000Z,2025-07-01T00:00:00.000Z,,Abram Food Limited IPO,https://www.chittorgarh.net/images/ipo/abram-food-ipo-logo.png,2025-06-24T00:00:00.000Z,BSE SME,Corporate Makers Capital
Globe Civil Projects Limited IPO,"Tue, Jun 24, 2025","Thu, Jun 26, 2025",,67.00 to 71.00,119.00,Globe Civil Projects IPO,globe-civil-projects-ipo,9935,2025-06-24T00:00:00.000Z,2025-06-26T00:00:00.000Z,2025-07-01T00:00:00.000Z,,Globe Civil Projects Limited IPO,https://www.chittorgarh.net/images/ipo/globe-civil-logo.png,2025-06-24T00:00:00.000Z,"BSE, NSE",MEFCOM Capital Markets
Ellenbarrie Industrial Gases Limited IPO,"Tue, Jun 24, 2025","Thu, Jun 26, 2025",,380.00 to 400.00,852.53,Ellenbarrie Industrial Gases IPO,ellenbarrie-industrial-gases-ipo,10065,2025-06-24T00:00:00.000Z,2025-06-26T00:00:00.000Z,2025-07-01T00:00:00.000Z,,Ellenbarrie Industrial Gases Limited IPO,https://www.chittorgarh.net/images/ipo/ellenbarrie-industrial-logo.png,2025-06-24T00:00:00.000Z,"BSE, NSE",Motilal Oswal
Kalpataru Limited IPO,"Tue, Jun 24, 2025","Thu, Jun 26, 2025",,387.00 to 414.00,1590.00,Kalpataru IPO,kalpataru-ipo,10210,2025-06-24T00:00:00.000Z,2025-06-26T00:00:00.000Z,2025-07-01T00:00:00.000Z,,Kalpataru Limited IPO,https://www.chittorgarh.net/images/ipo/kalpataru-logo.png,2025-06-24T00:00:00.000Z,"BSE, NSE",ICICI Securities
Icon Facilitators Limited IPO,"Tue, Jun 24, 2025","Thu, Jun 26, 2025",,85.00 to 91.00,18.15,Icon Facilitators IPO,icon-facilitators-ipo,10455,2025-06-24T00:00:00.000Z,2025-06-26T00:00:00.000Z,2025-07-01T00:00:00.000Z,,Icon Facilitators Limited IPO,https://www.chittorgarh.net/images/ipo/icon-ipo-logo.png,2025-06-24T00:00:00.000Z,BSE SME,Khambatta Securities
Shri Hare-Krishna Sponge Iron Limited IPO,"Tue, Jun 24, 2025","Thu, Jun 26, 2025",,56.00 to 59.00,28.39,Shri Hare-Krishna Sponge Iron IPO,shri-hare-krishna-sponge-iron-ipo,10615,2025-06-24T00:00:00.000Z,2025-06-26T00:00:00.000Z,2025-07-01T00:00:00.000Z,,Shri Hare-Krishna Sponge Iron Limited IPO,https://www.chittorgarh.net/images/ipo/shk-logo.jpg,2025-06-24T00:00:00.000Z,NSE SME,Hem Securities
AJC Jewel Manufacturers Limited IPO,"Mon, Jun 23, 2025","Thu, Jun 26, 2025",,90.00 to 95.00,14.59,AJC Jewel IPO,ajc-jewel-ipo,10525,2025-06-23T00:00:00.000Z,2025-06-26T00:00:00.000Z,2025-07-01T00:00:00.000Z,color-green,AJC Jewel Manufacturers Limited IPO,https://www.chittorgarh.net/images/ipo/ajc-ipo-logo.png,2025-06-23T00:00:00.000Z,BSE SME,Smart Horizon Capital Advisors
Aakaar Medical Technologies Limited IPO,"Fri, Jun 20, 2025","Tue, Jun 24, 2025",,68.00 to 72.00,25.64,Aakaar Medical Technologies IPO,aakaar-medical-technologies-ipo,9785,2025-06-20T00:00:00.000Z,2025-06-24T00:00:00.000Z,2025-06-27T00:00:00.000Z,color-green,Aakaar Medical Technologies Limited IPO,https://www.chittorgarh.net/images/ipo/aakaar-logo.jpg,2025-06-20T00:00:00.000Z,NSE SME,Indorient Financial
Safe Enterprises Retail Fixtures Limited IPO,"Fri, Jun 20, 2025","Tue, Jun 24, 2025",,131.00 to 138.00,161.13,Safe Enterprises Retail Fixtures IPO,safe-enterprises-retail-fixtures-ipo,10145,2025-06-20T00:00:00.000Z,2025-06-24T00:00:00.000Z,2025-06-27T00:00:00.000Z,color-green,Safe Enterprises Retail Fixtures Limited IPO,https://www.chittorgarh.net/images/ipo/safe-enterprises-logo.png,2025-06-20T00:00:00.000Z,NSE SME,Hem Securities
Mayasheel Ventures Limited IPO,"Fri, Jun 20, 2025","Tue, Jun 24, 2025",,47.00,25.92,Mayasheel Ventures IPO,mayasheel-ventures-ipo,10540,2025-06-20T00:00:00.000Z,2025-06-24T00:00:00.000Z,2025-06-27T00:00:00.000Z,color-green,Mayasheel Ventures Limited IPO,https://www.chittorgarh.net/images/ipo/mayasheel-logo.png,2025-06-20T00:00:00.000Z,NSE SME,Narnolia Financial
Arisinfra Solutions Limited IPO,"Wed, Jun 18, 2025","Fri, Jun 20, 2025",Yet to list,222.00,499.60,Arisinfra Solutions IPO,arisinfra-solutions-ipo,9380,2025-06-18T00:00:00.000Z,2025-06-20T00:00:00.000Z,2025-06-25T00:00:00.000Z,color-lightyellow,Arisinfra Solutions Limited IPO,https://www.chittorgarh.net/images/ipo/arisinfra_logo.jpg,2025-06-18T00:00:00.000Z,"BSE, NSE",Jm Financial
Influx Healthtech Limited IPO,"Wed, Jun 18, 2025","Fri, Jun 20, 2025",Yet to list,96.00,55.63,Influx Healthtech IPO,influx-healthtech-ipo,9770,2025-06-18T00:00:00.000Z,2025-06-20T00:00:00.000Z,2025-06-25T00:00:00.000Z,color-lightyellow,Influx Healthtech Limited IPO,https://www.chittorgarh.net/images/ipo/influx-healthtech-logo.png,2025-06-18T00:00:00.000Z,NSE SME,Rarever Financial Advisors
Eppeltone Engineers Limited IPO,"Tue, Jun 17, 2025","Thu, Jun 19, 2025",Yet to list,128.00,41.75,Eppeltone Engineers IPO,eppeltone-engineers-ipo,9995,2025-06-17T00:00:00.000Z,2025-06-19T00:00:00.000Z,2025-06-24T00:00:00.000Z,color-lightyellow,Eppeltone Engineers Limited IPO,https://www.chittorgarh.net/images/ipo/eppeltone-logo.jpeg,2025-06-17T00:00:00.000Z,NSE SME,Expert Global Consultants
Patil Automation Limited IPO,"Mon, Jun 16, 2025","Wed, Jun 18, 2025","Mon, Jun 23, 2025",120.00,66.10,Patil Automation IPO,patil-automation-ipo,9990,2025-06-16T00:00:00.000Z,2025-06-18T00:00:00.000Z,2025-06-23T00:00:00.000Z,color-aqua,Patil Automation Limited IPO,https://www.chittorgarh.net/images/ipo/pal-logo.png,2025-06-16T00:00:00.000Z,NSE SME,Seren Capital
Samay Project Services Limited IPO,"Mon, Jun 16, 2025","Wed, Jun 18, 2025","Mon, Jun 23, 2025",34.00,13.91,Samay Project Services IPO,samay-project-services-ipo,10295,2025-06-16T00:00:00.000Z,2025-06-18T00:00:00.000Z,2025-06-23T00:00:00.000Z,color-aqua,Samay Project Services Limited IPO,https://www.chittorgarh.net/images/ipo/samay-project-logo.jpeg,2025-06-16T00:00:00.000Z,NSE SME,Smart Horizon Capital Advisors
Oswal Pumps Limited IPO,"Fri, Jun 13, 2025","Tue, Jun 17, 2025","Fri, Jun 20, 2025",614.00,1387.34,Oswal Pumps  IPO,oswal-pumps-ipo,10100,2025-06-13T00:00:00.000Z,2025-06-17T00:00:00.000Z,2025-06-20T00:00:00.000Z,,Oswal Pumps Limited IPO,https://www.chittorgarh.net/images/ipo/oswal-pumps-logo.png,2025-06-13T00:00:00.000Z,"BSE, NSE",IIFL Capital
Aten Papers & Foam Limited IPO,"Fri, Jun 13, 2025","Tue, Jun 17, 2025","Fri, Jun 20, 2025",96.00,30.09,Aten Papers & Foam IPO,aten-papers-foam-ipo,10195,2025-06-13T00:00:00.000Z,2025-06-17T00:00:00.000Z,2025-06-20T00:00:00.000Z,,Aten Papers & Foam Limited IPO,https://www.chittorgarh.net/images/ipo/aten-papers-foam-ipo-logo.png,2025-06-13T00:00:00.000Z,BSE SME,Swastika Investmart
Monolithisch India Limited IPO,"Thu, Jun 12, 2025","Mon, Jun 16, 2025","Thu, Jun 19, 2025",143.00,82.02,Monolithisch India IPO,monolithisch-india-ipo,9795,2025-06-12T00:00:00.000Z,2025-06-16T00:00:00.000Z,2025-06-19T00:00:00.000Z,,Monolithisch India Limited IPO,https://www.chittorgarh.net/images/ipo/mineral-group-logo.png,2025-06-12T00:00:00.000Z,NSE SME,Hem Securities
Jainik Power and Cables Limited IPO,"Tue, Jun 10, 2025","Thu, Jun 12, 2025","Tue, Jun 17, 2025",110.00,48.72,Jainik Power and Cables IPO,jainik-power-and-cables-ipo,10395,2025-06-10T00:00:00.000Z,2025-06-12T00:00:00.000Z,2025-06-17T00:00:00.000Z,,Jainik Power and Cables Limited IPO,https://www.chittorgarh.net/images/ipo/jainik-logo.png,2025-06-10T00:00:00.000Z,NSE SME,Fast Track Finsec
Sacheerome Limited IPO,"Mon, Jun 09, 2025","Wed, Jun 11, 2025","Mon, Jun 16, 2025",102.00,58.53,Sacheerome IPO,sacheerome-ipo,10235,2025-06-09T00:00:00.000Z,2025-06-11T00:00:00.000Z,2025-06-16T00:00:00.000Z,,Sacheerome Limited IPO,https://www.chittorgarh.net/images/ipo/sacheerome-logo.jpeg,2025-06-09T00:00:00.000Z,NSE SME,GYR Capital Advisors
Ganga Bath Fittings Limited IPO,"Wed, Jun 04, 2025","Fri, Jun 06, 2025","Wed, Jun 11, 2025",49.00,32.65,Ganga Bath Fittings IPO,ganga-bath-fittings-ipo,10400,2025-06-04T00:00:00.000Z,2025-06-06T00:00:00.000Z,2025-06-11T00:00:00.000Z,,Ganga Bath Fittings Limited IPO,https://www.chittorgarh.net/images/ipo/ganga-bath-fittings-logo.png,2025-06-04T00:00:00.000Z,NSE SME,Jawa Capital
3B Films Limited IPO,"Fri, May 30, 2025","Tue, Jun 03, 2025","Fri, Jun 06, 2025",50.00,17.70,3B Films IPO,3b-films-ipo,10155,2025-05-30T00:00:00.000Z,2025-06-03T00:00:00.000Z,2025-06-06T00:00:00.000Z,,3B Films Limited IPO,https://www.chittorgarh.net/images/ipo/3b-flims-ipo-logo.jpg,2025-05-30T00:00:00.000Z,BSE SME,Nirbhay Capital
Scoda Tubes Limited IPO,"Wed, May 28, 2025","Fri, May 30, 2025","Wed, Jun 04, 2025",140.00,220.00,Scoda Tubes IPO,scoda-tubes-ipo,10005,2025-05-28T00:00:00.000Z,2025-05-30T00:00:00.000Z,2025-06-04T00:00:00.000Z,,Scoda Tubes Limited IPO,https://www.chittorgarh.net/images/ipo/scoda-tubes-logo.jpeg,2025-05-28T00:00:00.000Z,"BSE, NSE",Monarch Networth Capital
N R Vandana Tex Industries Limited IPO,"Wed, May 28, 2025","Fri, May 30, 2025","Wed, Jun 04, 2025",45.00,26.49,NR Vandana Textile IPO,nr-vandana-textile-ipo,10035,2025-05-28T00:00:00.000Z,2025-05-30T00:00:00.000Z,2025-06-04T00:00:00.000Z,,N R Vandana Tex Industries Limited IPO,https://www.chittorgarh.net/images/ipo/vandana-logo.png,2025-05-28T00:00:00.000Z,NSE SME,Marwadi Chandarana Group
Neptune Petrochemicals Limited IPO,"Wed, May 28, 2025","Fri, May 30, 2025","Wed, Jun 04, 2025",122.00,69.53,Neptune Petrochemicals IPO,neptune-petrochemicals-ipo,10310,2025-05-28T00:00:00.000Z,2025-05-30T00:00:00.000Z,2025-06-04T00:00:00.000Z,,Neptune Petrochemicals Limited IPO,https://www.chittorgarh.net/images/ipo/neptune-logo.png,2025-05-28T00:00:00.000Z,NSE SME,Beeline Capital
Prostarm Info Systems Limited IPO,"Tue, May 27, 2025","Thu, May 29, 2025","Tue, Jun 03, 2025",105.00,168.00,Prostarm Info Systems IPO,prostarm-info-systems-ipo,9565,2025-05-27T00:00:00.000Z,2025-05-29T00:00:00.000Z,2025-06-03T00:00:00.000Z,,Prostarm Info Systems Limited IPO,https://www.chittorgarh.net/images/ipo/prostarm-logo.jpg,2025-05-27T00:00:00.000Z,"BSE, NSE",Choice Capital Advisors
Blue Water Logistics Limited IPO,"Tue, May 27, 2025","Thu, May 29, 2025","Tue, Jun 03, 2025",135.00,40.50,Blue Water Logistics IPO,blue-water-logistics-ipo,9855,2025-05-27T00:00:00.000Z,2025-05-29T00:00:00.000Z,2025-06-03T00:00:00.000Z,,Blue Water Logistics Limited IPO,https://www.chittorgarh.net/images/ipo/bwl-logo.png,2025-05-27T00:00:00.000Z,NSE SME,Smart Horizon Capital Advisors
Astonea Labs Ltd IPO,"Tue, May 27, 2025","Thu, May 29, 2025","Tue, Jun 03, 2025",135.00,37.67,Astonea Labs IPO,astonea-labs-ipo,10640,2025-05-27T00:00:00.000Z,2025-05-29T00:00:00.000Z,2025-06-03T00:00:00.000Z,,Astonea Labs Ltd IPO,https://www.chittorgarh.net/images/ipo/astonea-ipo-logo.jpg,2025-05-27T00:00:00.000Z,BSE SME,Oneview Corporate Advisors
Nikita Papers Limited IPO,"Tue, May 27, 2025","Thu, May 29, 2025","Tue, Jun 03, 2025",104.00,67.54,Nikita Papers IPO,nikita-papers-ipo,10870,2025-05-27T00:00:00.000Z,2025-05-29T00:00:00.000Z,2025-06-03T00:00:00.000Z,,Nikita Papers Limited IPO,https://www.chittorgarh.net/images/ipo/nikita-ipo-logo.png,2025-05-27T00:00:00.000Z,NSE SME,Fast Track Finsec
Aegis Vopak Terminals Limited IPO,"Mon, May 26, 2025","Wed, May 28, 2025","Mon, Jun 02, 2025",235.00,2800.00,Aegis Vopak Terminals IPO,aegis-vopak-terminals-ipo,9740,2025-05-26T00:00:00.000Z,2025-05-28T00:00:00.000Z,2025-06-02T00:00:00.000Z,,Aegis Vopak Terminals Limited IPO,https://www.chittorgarh.net/images/ipo/aegis-vopak-terminals-logo.png,2025-05-26T00:00:00.000Z,"BSE, NSE",ICICI Securities
Schloss Bangalore Limited IPO,"Mon, May 26, 2025","Wed, May 28, 2025","Mon, Jun 02, 2025",435.00,3500.00,Leela Hotels IPO,leela-hotels-ipo,10040,2025-05-26T00:00:00.000Z,2025-05-28T00:00:00.000Z,2025-06-02T00:00:00.000Z,,Schloss Bangalore Limited IPO,https://www.chittorgarh.net/images/ipo/schloss-bangalore-logo.png,2025-05-26T00:00:00.000Z,"BSE, NSE",Jm Financial
Unified Data-Tech Solutions Limited IPO,"Thu, May 22, 2025","Mon, May 26, 2025","Thu, May 29, 2025",273.00,144.47,Unified Data-Tech IPO,unified-data-tech-ipo,9905,2025-05-22T00:00:00.000Z,2025-05-26T00:00:00.000Z,2025-05-29T00:00:00.000Z,,Unified Data-Tech Solutions Limited IPO,https://www.chittorgarh.net/images/ipo/unified-tech-ipo-logo.jpg,2025-05-22T00:00:00.000Z,BSE SME,Hem Securities
Belrise Industries Limited IPO,"Wed, May 21, 2025","Fri, May 23, 2025","Wed, May 28, 2025",90.00,2150.00,Belrise Industries IPO,belrise-industries-ipo,9750,2025-05-21T00:00:00.000Z,2025-05-23T00:00:00.000Z,2025-05-28T00:00:00.000Z,,Belrise Industries Limited IPO,https://www.chittorgarh.net/images/ipo/belrise-industries-logo.png,2025-05-21T00:00:00.000Z,"BSE, NSE",Axis Capital
Dar Credit and Capital Limited IPO,"Wed, May 21, 2025","Fri, May 23, 2025","Wed, May 28, 2025",60.00,25.66,Dar Credit and Capital IPO,dar-credit-and-capital-ipo,10515,2025-05-21T00:00:00.000Z,2025-05-23T00:00:00.000Z,2025-05-28T00:00:00.000Z,,Dar Credit and Capital Limited IPO,https://www.chittorgarh.net/images/ipo/dar_credit-capital-logo.png,2025-05-21T00:00:00.000Z,NSE SME,GYR Capital Advisors
Borana Weaves Limited IPO,"Tue, May 20, 2025","Thu, May 22, 2025","Tue, May 27, 2025",216.00,144.89,Borana Weaves IPO,borana-weaves-ipo,9785,2025-05-20T00:00:00.000Z,2025-05-22T00:00:00.000Z,2025-05-27T00:00:00.000Z,,Borana Weaves Limited IPO,https://www.chittorgarh.net/images/ipo/borana-weaves-logo.png,2025-05-20T00:00:00.000Z,"BSE, NSE",Beeline Capital
Accretion Pharmaceuticals Limited IPO,"Wed, May 14, 2025","Fri, May 16, 2025","Wed, May 21, 2025",101.00,29.75,Accretion Pharmaceuticals IPO,accretion-pharmaceuticals-ipo,9970,2025-05-14T00:00:00.000Z,2025-05-16T00:00:00.000Z,2025-05-21T00:00:00.000Z,,Accretion Pharmaceuticals Limited IPO,https://www.chittorgarh.net/images/ipo/accretion-pharmaceuticals-logo.png,2025-05-14T00:00:00.000Z,NSE SME,Jawa Capital
Integrity Infrabuild Developers Limited IPO,"Tue, May 13, 2025","Thu, May 15, 2025","Tue, May 20, 2025",100.00,12.00,Integrity Infrabuild Developers IPO,integrity-infrabuild-developers-ipo,10570,2025-05-13T00:00:00.000Z,2025-05-15T00:00:00.000Z,2025-05-20T00:00:00.000Z,,Integrity Infrabuild Developers Limited IPO,https://www.chittorgarh.net/images/ipo/integrity-infrabuild-logo.png,2025-05-13T00:00:00.000Z,NSE SME,Aryaman Financial Services
Virtual Galaxy Infotech Limited IPO,"Fri, May 09, 2025","Wed, May 14, 2025","Mon, May 19, 2025",142.00,88.52,Virtual Galaxy Infotech IPO,virtual-galaxy-infotech-ipo,10545,2025-05-09T00:00:00.000Z,2025-05-14T00:00:00.000Z,2025-05-19T00:00:00.000Z,,Virtual Galaxy Infotech Limited IPO,https://www.chittorgarh.net/images/ipo/virtual-galaxy-logo.png,2025-05-09T00:00:00.000Z,NSE SME,Smart Horizon Capital Advisors
Manoj Jewellers Limited IPO,"Mon, May 05, 2025","Wed, May 07, 2025","Mon, May 12, 2025",54.00,16.20,Manoj Jewellers IPO,manoj-jewellers-ipo,9925,2025-05-05T00:00:00.000Z,2025-05-07T00:00:00.000Z,2025-05-12T00:00:00.000Z,,Manoj Jewellers Limited IPO,https://www.chittorgarh.net/images/ipo/manoj-jewellers-ipo-logo.png,2025-05-05T00:00:00.000Z,BSE SME,Jawa Capital
Srigee DLM Limited IPO,"Mon, May 05, 2025","Wed, May 07, 2025","Mon, May 12, 2025",99.00,16.98,Srigee DLM IPO,srigee-dlm-ipo,10630,2025-05-05T00:00:00.000Z,2025-05-07T00:00:00.000Z,2025-05-12T00:00:00.000Z,,Srigee DLM Limited IPO,https://www.chittorgarh.net/images/ipo/srigee-dlm-logo.png,2025-05-05T00:00:00.000Z,BSE SME,GYR Capital Advisors
Wagons Learning Limited IPO,"Fri, May 02, 2025","Tue, May 06, 2025",Yet to list,,,Wagons Learning IPO,wagons-learning-ipo,10675,2025-05-02T00:00:00.000Z,2025-05-06T00:00:00.000Z,2025-05-09T00:00:00.000Z,,Wagons Learning Limited IPO,https://www.chittorgarh.net/images/ipo/wagons-learning-logo.jpeg,2025-05-02T00:00:00.000Z,BSE SME,Khandwala Securities
Kenrik Industries Limited IPO,"Tue, Apr 29, 2025","Tue, May 06, 2025","Fri, May 09, 2025",25.00,8.75,Kenrik Industries IPO,kenrik-industries-ipo,10650,2025-04-29T00:00:00.000Z,2025-05-06T00:00:00.000Z,2025-05-09T00:00:00.000Z,,Kenrik Industries Limited IPO,https://www.chittorgarh.net/images/ipo/kenrik-industries-logo.png,2025-04-29T00:00:00.000Z,BSE SME,Turnaround Corporate
Arunaya Organics Limited IPO,"Tue, Apr 29, 2025","Fri, May 02, 2025","Wed, May 07, 2025",58.00,33.99,Arunaya Organics IPO,arunaya-organics-ipo,10745,2025-04-29T00:00:00.000Z,2025-05-02T00:00:00.000Z,2025-05-07T00:00:00.000Z,,Arunaya Organics Limited IPO,https://www.chittorgarh.net/images/ipo/arunaya-organics-ipo-logo.png,2025-04-29T00:00:00.000Z,NSE SME,Unistone Capital
Iware Supplychain Services Limited IPO,"Mon, Apr 28, 2025","Wed, Apr 30, 2025","Tue, May 06, 2025",95.00,27.13,Iware Supplychain Services IPO,iware-supplychain-services-ipo,10000,2025-04-28T00:00:00.000Z,2025-04-30T00:00:00.000Z,2025-05-06T00:00:00.000Z,,Iware Supplychain Services Limited IPO,https://www.chittorgarh.net/images/ipo/iware-logo.jpeg,2025-04-28T00:00:00.000Z,NSE SME,GetFive Advisors
Ather Energy Limited IPO,"Mon, Apr 28, 2025","Wed, Apr 30, 2025","Tue, May 06, 2025",321.00,2981.06,Ather Energy IPO,ather-energy-ipo,10585,2025-04-28T00:00:00.000Z,2025-04-30T00:00:00.000Z,2025-05-06T00:00:00.000Z,,Ather Energy Limited IPO,https://www.chittorgarh.net/images/ipo/ather-energy-logo.png,2025-04-28T00:00:00.000Z,"BSE, NSE",Axis Capital
Tankup Engineers Limited IPO,"Wed, Apr 23, 2025","Fri, Apr 25, 2025","Wed, Apr 30, 2025",140.00,18.05,Tankup Engineers IPO,tankup-engineers-ipo,10690,2025-04-23T00:00:00.000Z,2025-04-25T00:00:00.000Z,2025-04-30T00:00:00.000Z,,Tankup Engineers Limited IPO,https://www.chittorgarh.net/images/ipo/tankup-ipo-logo.png,2025-04-23T00:00:00.000Z,NSE SME,Hem Securities
Spinaroo Commercial Limited IPO,"Fri, Mar 28, 2025","Thu, Apr 03, 2025","Tue, Apr 08, 2025",51.00,10.17,Spinaroo Commercial IPO,spinaroo-commercial-ipo,10100,2025-03-28T00:00:00.000Z,2025-04-03T00:00:00.000Z,2025-04-08T00:00:00.000Z,,Spinaroo Commercial Limited IPO,https://www.chittorgarh.net/images/ipo/spinaro-ipo-logo.png,2025-03-28T00:00:00.000Z,BSE SME,Finshore
Infonative Solutions Limited IPO,"Fri, Mar 28, 2025","Thu, Apr 03, 2025","Tue, Apr 08, 2025",79.00,24.71,Infonative Solutions IPO,infonative-solutions-ipo,10190,2025-03-28T00:00:00.000Z,2025-04-03T00:00:00.000Z,2025-04-08T00:00:00.000Z,,Infonative Solutions Limited IPO,https://www.chittorgarh.net/images/ipo/infonative-ipo-logo.png,2025-03-28T00:00:00.000Z,BSE SME,Share India Capital Services
Retaggio Industries Limited IPO,"Thu, Mar 27, 2025","Wed, Apr 02, 2025","Mon, Apr 07, 2025",25.00,15.50,Retaggio Industries IPO,retaggio-industries-ipo,10185,2025-03-27T00:00:00.000Z,2025-04-02T00:00:00.000Z,2025-04-07T00:00:00.000Z,,Retaggio Industries Limited IPO,https://www.chittorgarh.net/images/ipo/retaggio-ipo-logo.jpg,2025-03-27T00:00:00.000Z,BSE SME,Gretex Corporate Services
Identixweb Limited IPO,"Wed, Mar 26, 2025","Fri, Mar 28, 2025","Thu, Apr 03, 2025",54.00,15.80,Identixweb IPO,identixweb-ipo,10170,2025-03-26T00:00:00.000Z,2025-03-28T00:00:00.000Z,2025-04-03T00:00:00.000Z,,Identixweb Limited IPO,https://www.chittorgarh.net/images/ipo/identixweb-ipo-logo.jpg,2025-03-26T00:00:00.000Z,BSE SME,Beeline Capital
Shri Ahimsa Naturals Limited IPO,"Tue, Mar 25, 2025","Thu, Mar 27, 2025","Wed, Apr 02, 2025",119.00,73.81,Shri Ahimsa Naturals IPO,shri-ahimsa-naturals-ipo,10125,2025-03-25T00:00:00.000Z,2025-03-27T00:00:00.000Z,2025-04-02T00:00:00.000Z,,Shri Ahimsa Naturals Limited IPO,https://www.chittorgarh.net/images/ipo/shri-ahisma-logo.png,2025-03-25T00:00:00.000Z,NSE SME,Srujan Alpha Capital Advisors
ATC Energies System Limited IPO,"Tue, Mar 25, 2025","Thu, Mar 27, 2025","Wed, Apr 02, 2025",118.00,63.76,ATC Energies IPO,atc-energies-ipo,10135,2025-03-25T00:00:00.000Z,2025-03-27T00:00:00.000Z,2025-04-02T00:00:00.000Z,,ATC Energies System Limited IPO,https://www.chittorgarh.net/images/ipo/atc-group-ipo-logo.png,2025-03-25T00:00:00.000Z,NSE SME,Indorient Financial
Desco Infratech Limited IPO,"Mon, Mar 24, 2025","Wed, Mar 26, 2025","Tue, Apr 01, 2025",150.00,30.75,Desco Infratech IPO,desco-infratech-ipo,10110,2025-03-24T00:00:00.000Z,2025-03-26T00:00:00.000Z,2025-04-01T00:00:00.000Z,,Desco Infratech Limited IPO,https://www.chittorgarh.net/images/ipo/desco-infratech-logo.png,2025-03-24T00:00:00.000Z,BSE SME,Smart Horizon Capital Advisors
Rapid Fleet Management Services Limited IPO,"Fri, Mar 21, 2025","Tue, Mar 25, 2025","Fri, Mar 28, 2025",192.00,43.87,Rapid Fleet IPO,rapid-fleet-ipo,10065,2025-03-21T00:00:00.000Z,2025-03-25T00:00:00.000Z,2025-03-28T00:00:00.000Z,,Rapid Fleet Management Services Limited IPO,https://www.chittorgarh.net/images/ipo/rapid-fleet-ipo-logo.png,2025-03-21T00:00:00.000Z,NSE SME,Gretex Corporate Services
Active Infrastructures Limited IPO,"Fri, Mar 21, 2025","Tue, Mar 25, 2025","Fri, Mar 28, 2025",181.00,77.83,Active Infrastructures IPO,active-infrastructures-ipo,10080,2025-03-21T00:00:00.000Z,2025-03-25T00:00:00.000Z,2025-03-28T00:00:00.000Z,,Active Infrastructures Limited IPO,https://www.chittorgarh.net/images/ipo/active-infrastructure-ipo-logo.png,2025-03-21T00:00:00.000Z,NSE SME,Kreo Capital
Grand Continent Hotels Limited IPO,"Thu, Mar 20, 2025","Mon, Mar 24, 2025","Thu, Mar 27, 2025",113.00,74.46,Grand Continent Hotels IPO,grand-continent-hotels-ipo,10060,2025-03-20T00:00:00.000Z,2025-03-24T00:00:00.000Z,2025-03-27T00:00:00.000Z,,Grand Continent Hotels Limited IPO,https://www.chittorgarh.net/images/ipo/grand-continent-logo.jpeg,2025-03-20T00:00:00.000Z,NSE SME,Indorient Financial
Paradeep Parivahan Limited IPO,"Mon, Mar 17, 2025","Wed, Mar 19, 2025","Mon, Mar 24, 2025",98.00,44.86,Paradeep Parivahan IPO,paradeep-parivahan-ipo,9930,2025-03-17T00:00:00.000Z,2025-03-19T00:00:00.000Z,2025-03-24T00:00:00.000Z,,Paradeep Parivahan Limited IPO,https://www.chittorgarh.net/images/ipo/paradeep-parivahan-logo.png,2025-03-17T00:00:00.000Z,BSE SME,Share India Capital Services
Divine Hira Jewellers Limited IPO,"Mon, Mar 17, 2025","Wed, Mar 19, 2025","Mon, Mar 24, 2025",90.00,31.84,Divine Hira Jewellers IPO,divine-hira-jewellers-ipo,9960,2025-03-17T00:00:00.000Z,2025-03-19T00:00:00.000Z,2025-03-24T00:00:00.000Z,,Divine Hira Jewellers Limited IPO,https://www.chittorgarh.net/images/ipo/devine-hira-logo.jpg,2025-03-17T00:00:00.000Z,NSE SME,Horizon Management
Super Iron Foundry Limited IPO,"Tue, Mar 11, 2025","Thu, Mar 13, 2025","Wed, Mar 19, 2025",108.00,68.05,Super Iron Foundry IPO,super-iron-foundry-ipo,9880,2025-03-11T00:00:00.000Z,2025-03-13T00:00:00.000Z,2025-03-19T00:00:00.000Z,,Super Iron Foundry Limited IPO,https://www.chittorgarh.net/images/ipo/super-iron-foundry-logo.png,2025-03-11T00:00:00.000Z,BSE SME,Horizon Management
PDP Shipping & Projects Limited IPO,"Mon, Mar 10, 2025","Wed, Mar 12, 2025","Tue, Mar 18, 2025",135.00,12.65,PDP Shipping IPO,pdp-shipping-projects-ipo,9825,2025-03-10T00:00:00.000Z,2025-03-12T00:00:00.000Z,2025-03-18T00:00:00.000Z,,PDP Shipping & Projects Limited IPO,https://www.chittorgarh.net/images/ipo/pdp-shipping-ipo-logo.png,2025-03-10T00:00:00.000Z,BSE SME,Sun Capital Advisory
NAPS Global India Limited IPO,"Tue, Mar 04, 2025","Thu, Mar 06, 2025","Tue, Mar 11, 2025",90.00,11.88,NAPS Global India IPO,naps-global-india-ipo,9675,2025-03-04T00:00:00.000Z,2025-03-06T00:00:00.000Z,2025-03-11T00:00:00.000Z,,NAPS Global India Limited IPO,https://www.chittorgarh.net/images/ipo/naps-global-logo.png,2025-03-04T00:00:00.000Z,BSE SME,Aryaman Financial Services
Balaji Phosphates Limited IPO,"Fri, Feb 28, 2025","Tue, Mar 04, 2025","Fri, Mar 07, 2025",70.00,50.11,Balaji Phosphates IPO,balaji-phosphates-ipo,9640,2025-02-28T00:00:00.000Z,2025-03-04T00:00:00.000Z,2025-03-07T00:00:00.000Z,,Balaji Phosphates Limited IPO,https://www.chittorgarh.net/images/ipo/balaji-phosphate-logo.jpg,2025-02-28T00:00:00.000Z,NSE SME,Arihant Capital Markets
Shreenath Paper Products Limited IPO,"Tue, Feb 25, 2025","Fri, Feb 28, 2025","Wed, Mar 05, 2025",44.00,23.36,Shreenath Paper IPO,shreenath-paper-ipo,9590,2025-02-25T00:00:00.000Z,2025-02-28T00:00:00.000Z,2025-03-05T00:00:00.000Z,,Shreenath Paper Products Limited IPO,https://www.chittorgarh.net/images/ipo/shreenath-paper-ipo-logo.jpg,2025-02-25T00:00:00.000Z,BSE SME,Galactico Corporate Services
Nukleus Office Solutions Limited IPO,"Mon, Feb 24, 2025","Thu, Feb 27, 2025","Tue, Mar 04, 2025",234.00,31.70,Nukleus Office Solutions IPO,nukleus-office-solutions-ipo,9585,2025-02-24T00:00:00.000Z,2025-02-27T00:00:00.000Z,2025-03-04T00:00:00.000Z,,Nukleus Office Solutions Limited IPO,https://www.chittorgarh.net/images/ipo/nukleus-office-solution-logo.jpg,2025-02-24T00:00:00.000Z,BSE SME,Sundae Capital Advisors
Beezaasan Explotech Limited IPO,"Fri, Feb 21, 2025","Tue, Feb 25, 2025","Mon, Mar 03, 2025",175.00,59.93,Beezaasan Explotech IPO,beezaasan-explotech-ipo,9485,2025-02-21T00:00:00.000Z,2025-02-25T00:00:00.000Z,2025-03-03T00:00:00.000Z,,Beezaasan Explotech Limited IPO,https://www.chittorgarh.net/images/ipo/beezaasan_exploration_logo.png,2025-02-21T00:00:00.000Z,BSE SME,Smart Horizon Capital Advisors
HP Telecom India Limited IPO,"Thu, Feb 20, 2025","Mon, Feb 24, 2025","Fri, Feb 28, 2025",108.00,34.23,HP Telecom India IPO,hp-telecom-india-ipo,9490,2025-02-20T00:00:00.000Z,2025-02-24T00:00:00.000Z,2025-02-28T00:00:00.000Z,,HP Telecom India Limited IPO,https://www.chittorgarh.net/images/ipo/hpti_logo.png,2025-02-20T00:00:00.000Z,NSE SME,Interactive Financial
Swasth Foodtech India Limited IPO,"Thu, Feb 20, 2025","Mon, Feb 24, 2025","Fri, Feb 28, 2025",94.00,14.92,Swasth Foodtech IPO,swasth-foodtech-ipo,9500,2025-02-20T00:00:00.000Z,2025-02-24T00:00:00.000Z,2025-02-28T00:00:00.000Z,,Swasth Foodtech India Limited IPO,https://www.chittorgarh.net/images/ipo/swasth-foodtech-india-ipo-logo.png,2025-02-20T00:00:00.000Z,BSE SME,Horizon Management
Quality Power Electrical Equipments Limited IPO,"Fri, Feb 14, 2025","Tue, Feb 18, 2025","Mon, Feb 24, 2025",425.00,858.70,Quality Power IPO,quality-power-ipo,9460,2025-02-14T00:00:00.000Z,2025-02-18T00:00:00.000Z,2025-02-24T00:00:00.000Z,,Quality Power Electrical Equipments Limited IPO,https://www.chittorgarh.net/images/ipo/quality-power-electrical-logo.jpg,2025-02-14T00:00:00.000Z,"BSE, NSE",Pantomath Capital Advisors
Royalarc Electrodes Limited IPO,"Fri, Feb 14, 2025","Tue, Feb 18, 2025","Mon, Feb 24, 2025",120.00,36.00,Royalarc Electrodes IPO,royalarc-electrodes-ipo,9475,2025-02-14T00:00:00.000Z,2025-02-18T00:00:00.000Z,2025-02-24T00:00:00.000Z,,Royalarc Electrodes Limited IPO,https://www.chittorgarh.net/images/ipo/royal-arc-ipo-logo.png,2025-02-14T00:00:00.000Z,NSE SME,Fedex Securities
Tejas Cargo India Limited IPO,"Fri, Feb 14, 2025","Tue, Feb 18, 2025","Mon, Feb 24, 2025",168.00,105.84,Tejas Cargo IPO,tejas-cargo-ipo,9480,2025-02-14T00:00:00.000Z,2025-02-18T00:00:00.000Z,2025-02-24T00:00:00.000Z,,Tejas Cargo India Limited IPO,https://www.chittorgarh.net/images/ipo/tejas_logo.jpg,2025-02-14T00:00:00.000Z,NSE SME,New Berry Capitals
L.K. Mehta Polymers Limited IPO,"Thu, Feb 13, 2025","Mon, Feb 17, 2025","Fri, Feb 21, 2025",71.00,7.38,L.K. Mehta Polymers IPO,lk-mehta-polymers-ipo,9465,2025-02-13T00:00:00.000Z,2025-02-17T00:00:00.000Z,2025-02-21T00:00:00.000Z,,L.K. Mehta Polymers Limited IPO,https://www.chittorgarh.net/images/ipo/lk-mehta-ipo-logo.png,2025-02-13T00:00:00.000Z,BSE SME,Swastika Investmart
Shanmuga Hospital Limited IPO,"Thu, Feb 13, 2025","Mon, Feb 17, 2025","Fri, Feb 21, 2025",54.00,20.62,Shanmuga Hospital IPO,shanmuga-hospital-ipo,9470,2025-02-13T00:00:00.000Z,2025-02-17T00:00:00.000Z,2025-02-21T00:00:00.000Z,,Shanmuga Hospital Limited IPO,https://www.chittorgarh.net/images/ipo/shanmuga-hospital-ipo-logo.jpg,2025-02-13T00:00:00.000Z,BSE SME,Finshore
PS Raj Steels Limited IPO,"Wed, Feb 12, 2025","Fri, Feb 14, 2025","Wed, Feb 19, 2025",140.00,28.28,PS Raj Steels IPO,ps-raj-steels-ipo,9440,2025-02-12T00:00:00.000Z,2025-02-14T00:00:00.000Z,2025-02-19T00:00:00.000Z,,PS Raj Steels Limited IPO,https://www.chittorgarh.net/images/ipo/pssr-logo.jpeg,2025-02-12T00:00:00.000Z,NSE SME,Khambatta Securities
Hexaware Technologies Limited IPO,"Wed, Feb 12, 2025","Fri, Feb 14, 2025","Wed, Feb 19, 2025",708.00,8750.00,Hexaware Technologies IPO,hexaware-technologies-ipo,9445,2025-02-12T00:00:00.000Z,2025-02-14T00:00:00.000Z,2025-02-19T00:00:00.000Z,,Hexaware Technologies Limited IPO,https://www.chittorgarh.net/images/ipo/hexaware-ipo-logo.jpg,2025-02-12T00:00:00.000Z,"BSE, NSE",Kotak Mahindra Capital
Voler Car Limited IPO,"Wed, Feb 12, 2025","Fri, Feb 14, 2025","Wed, Feb 19, 2025",90.00,27.00,Voler Car IPO,voler-car-ipo,9450,2025-02-12T00:00:00.000Z,2025-02-14T00:00:00.000Z,2025-02-19T00:00:00.000Z,,Voler Car Limited IPO,https://www.chittorgarh.net/images/ipo/voler-cars-ipo-logo.jpg,2025-02-12T00:00:00.000Z,NSE SME,GYR Capital Advisors
Maxvolt Energy Industries Limited IPO,"Wed, Feb 12, 2025","Fri, Feb 14, 2025","Wed, Feb 19, 2025",180.00,54.00,Maxvolt Energy IPO,maxvolt-energy-ipo,9455,2025-02-12T00:00:00.000Z,2025-02-14T00:00:00.000Z,2025-02-19T00:00:00.000Z,,Maxvolt Energy Industries Limited IPO,https://www.chittorgarh.net/images/ipo/maxvolt-energy-ipo-logo.jpg,2025-02-12T00:00:00.000Z,NSE SME,Smart Horizon Capital Advisors
Chandan Healthcare Limited IPO,"Mon, Feb 10, 2025","Wed, Feb 12, 2025","Mon, Feb 17, 2025",159.00,107.36,Chandan Healthcare IPO,chandan-healthcare-ipo,9430,2025-02-10T00:00:00.000Z,2025-02-12T00:00:00.000Z,2025-02-17T00:00:00.000Z,,Chandan Healthcare Limited IPO,https://www.chittorgarh.net/images/ipo/chandan-health-logo.jpeg,2025-02-10T00:00:00.000Z,NSE SME,Unistone Capital
Ajax Engineering Limited IPO,"Mon, Feb 10, 2025","Wed, Feb 12, 2025","Mon, Feb 17, 2025",629.00,1269.35,Ajax Engineering IPO,ajax-engineering-ipo,9435,2025-02-10T00:00:00.000Z,2025-02-12T00:00:00.000Z,2025-02-17T00:00:00.000Z,,Ajax Engineering Limited IPO,https://www.chittorgarh.net/images/ipo/ajax-logo.jpeg,2025-02-10T00:00:00.000Z,"BSE, NSE",ICICI Securities
Eleganz Interiors Limited IPO,"Fri, Feb 07, 2025","Tue, Feb 11, 2025","Fri, Feb 14, 2025",130.00,78.07,Eleganz Interiors IPO,eleganz-interiors-ipo,9415,2025-02-07T00:00:00.000Z,2025-02-11T00:00:00.000Z,2025-02-14T00:00:00.000Z,,Eleganz Interiors Limited IPO,https://www.chittorgarh.net/images/ipo/eleganz-interiors-ipo-logo.jpg,2025-02-07T00:00:00.000Z,NSE SME,Vivro Financial
Readymix Construction Machinery Limited IPO,"Thu, Feb 06, 2025","Mon, Feb 10, 2025","Thu, Feb 13, 2025",123.00,37.66,Readymix Construction IPO,readymix-construction-ipo,9420,2025-02-06T00:00:00.000Z,2025-02-10T00:00:00.000Z,2025-02-13T00:00:00.000Z,,Readymix Construction Machinery Limited IPO,https://www.chittorgarh.net/images/ipo/rmx-ipo-logo.jpg,2025-02-06T00:00:00.000Z,NSE SME,Hem Securities
Solarium Green Energy Limited IPO,"Thu, Feb 06, 2025","Mon, Feb 10, 2025","Thu, Feb 13, 2025",191.00,105.04,Solarium Green IPO,solarium-green-ipo,9425,2025-02-06T00:00:00.000Z,2025-02-10T00:00:00.000Z,2025-02-13T00:00:00.000Z,,Solarium Green Energy Limited IPO,https://www.chittorgarh.net/images/ipo/solarium-green-ipo-logo.jpg,2025-02-06T00:00:00.000Z,BSE SME,Beeline Capital
Ken Enterprises Limited IPO,"Wed, Feb 05, 2025","Fri, Feb 07, 2025","Wed, Feb 12, 2025",94.00,83.65,Ken Enterprises IPO,ken-enterprises-ipo,9410,2025-02-05T00:00:00.000Z,2025-02-07T00:00:00.000Z,2025-02-12T00:00:00.000Z,,Ken Enterprises Limited IPO,https://www.chittorgarh.net/images/ipo/ken-enterprises-ipo-logo.jpg,2025-02-05T00:00:00.000Z,NSE SME,Corporate Makers Capital
Amwill Healthcare Limited IPO,"Wed, Feb 05, 2025","Fri, Feb 07, 2025","Wed, Feb 12, 2025",111.00,59.98,Amwill Healthcare IPO,amwill-healthcare-ipo,9415,2025-02-05T00:00:00.000Z,2025-02-07T00:00:00.000Z,2025-02-12T00:00:00.000Z,,Amwill Healthcare Limited IPO,https://www.chittorgarh.net/images/ipo/amwill_logo.jpeg,2025-02-05T00:00:00.000Z,BSE SME,Unistone Capital
Chamunda Electrical Limited IPO,"Tue, Feb 04, 2025","Thu, Feb 06, 2025","Tue, Feb 11, 2025",50.00,14.60,Chamunda Electrical IPO,chamunda-electrical-ipo,9405,2025-02-04T00:00:00.000Z,2025-02-06T00:00:00.000Z,2025-02-11T00:00:00.000Z,,Chamunda Electrical Limited IPO,https://www.chittorgarh.net/images/ipo/cepl-logo.jpg,2025-02-04T00:00:00.000Z,NSE SME,GYR Capital Advisors
Malpani Pipes And Fittings Limited IPO,"Wed, Jan 29, 2025","Fri, Jan 31, 2025","Tue, Feb 04, 2025",90.00,25.92,Malpani Pipes IPO,malpani-pipes-ipo,9395,2025-01-29T00:00:00.000Z,2025-01-31T00:00:00.000Z,2025-02-04T00:00:00.000Z,,Malpani Pipes And Fittings Limited IPO,https://www.chittorgarh.net/images/ipo/malpani-pipes-ipo-logo.jpg,2025-01-29T00:00:00.000Z,BSE SME,Interactive Financial
Dr. Agarwal's Health Care Limited IPO,"Wed, Jan 29, 2025","Fri, Jan 31, 2025","Tue, Feb 04, 2025",402.00,3027.26,Dr Agarwals Healthcare IPO,dr-agarwals-healthcare-ipo,9400,2025-01-29T00:00:00.000Z,2025-01-31T00:00:00.000Z,2025-02-04T00:00:00.000Z,,Dr. Agarwal's Health Care Limited IPO,https://www.chittorgarh.net/images/ipo/dr_a_logo.png,2025-01-29T00:00:00.000Z,"BSE, NSE",Kotak Mahindra Capital
GB Logistics Commerce Limited IPO,"Fri, Jan 24, 2025","Tue, Jan 28, 2025","Fri, Jan 31, 2025",102.00,25.07,GB Logistics IPO,gb-logistics-ipo,9370,2025-01-24T00:00:00.000Z,2025-01-28T00:00:00.000Z,2025-01-31T00:00:00.000Z,,GB Logistics Commerce Limited IPO,https://www.chittorgarh.net/images/ipo/gb-logistic-logo.jpeg,2025-01-24T00:00:00.000Z,BSE SME,SKI Capital Services
H.M. Electro Mech Limited IPO,"Fri, Jan 24, 2025","Tue, Jan 28, 2025","Fri, Jan 31, 2025",75.00,27.74,H.M. Electro Mech IPO,hm-electro-mech-ipo,9390,2025-01-24T00:00:00.000Z,2025-01-28T00:00:00.000Z,2025-01-31T00:00:00.000Z,,H.M. Electro Mech Limited IPO,https://www.chittorgarh.net/images/ipo/hm_electro_mech_logo.png,2025-01-24T00:00:00.000Z,BSE SME,Beeline Capital
CLN Energy Limited IPO,"Thu, Jan 23, 2025","Mon, Jan 27, 2025","Thu, Jan 30, 2025",250.00,72.30,CLN Energy IPO,cln-energy-ipo,9385,2025-01-23T00:00:00.000Z,2025-01-27T00:00:00.000Z,2025-01-30T00:00:00.000Z,,CLN Energy Limited IPO,https://www.chittorgarh.net/images/ipo/cln-energy-logo.jpg,2025-01-23T00:00:00.000Z,BSE SME,Aryaman Financial Services
Rexpro Enterprises Limited IPO,"Wed, Jan 22, 2025","Fri, Jan 24, 2025","Wed, Jan 29, 2025",145.00,53.65,Rexpro Enterprises IPO,rexpro-enterprises-ipo,9370,2025-01-22T00:00:00.000Z,2025-01-24T00:00:00.000Z,2025-01-29T00:00:00.000Z,,Rexpro Enterprises Limited IPO,https://www.chittorgarh.net/images/ipo/rexpro_logo.jpeg,2025-01-22T00:00:00.000Z,NSE SME,Horizon Management
Denta Water and Infra Solutions Limited IPO,"Wed, Jan 22, 2025","Fri, Jan 24, 2025","Wed, Jan 29, 2025",294.00,220.50,Denta Water IPO,denta-water-ipo,9375,2025-01-22T00:00:00.000Z,2025-01-24T00:00:00.000Z,2025-01-29T00:00:00.000Z,,Denta Water and Infra Solutions Limited IPO,https://www.chittorgarh.net/images/ipo/denta-water-ipo-logo.jpg,2025-01-22T00:00:00.000Z,"BSE, NSE",Smc Capitals
CapitalNumbers Infotech Limited IPO,"Mon, Jan 20, 2025","Wed, Jan 22, 2025","Mon, Jan 27, 2025",263.00,169.37,CapitalNumbers Infotech IPO,capitalnumbers-infotech-ipo,9360,2025-01-20T00:00:00.000Z,2025-01-22T00:00:00.000Z,2025-01-27T00:00:00.000Z,,CapitalNumbers Infotech Limited IPO,https://www.chittorgarh.net/images/ipo/capitalnumbers-infotech-ipo-logo.jpg,2025-01-20T00:00:00.000Z,BSE SME,GYR Capital Advisors
EMA Partners India Limited IPO,"Fri, Jan 17, 2025","Tue, Jan 21, 2025","Fri, Jan 24, 2025",124.00,76.01,EMA Partners IPO,ema-partners-ipo,9345,2025-01-17T00:00:00.000Z,2025-01-21T00:00:00.000Z,2025-01-24T00:00:00.000Z,,EMA Partners India Limited IPO,https://www.chittorgarh.net/images/ipo/ema-partners-ipo-logo.jpg,2025-01-17T00:00:00.000Z,NSE SME,Indorient Financial
Landmark Immigration Consultants Limited IPO,"Thu, Jan 16, 2025","Mon, Jan 20, 2025","Thu, Jan 23, 2025",72.00,40.32,Landmark Immigration IPO,landmark-immigration-ipo,9355,2025-01-16T00:00:00.000Z,2025-01-20T00:00:00.000Z,2025-01-23T00:00:00.000Z,,Landmark Immigration Consultants Limited IPO,https://www.chittorgarh.net/images/ipo/landmark-immigration-ipo-logo.jpg,2025-01-16T00:00:00.000Z,BSE SME,Shreni Shares
Stallion India Fluorochemicals Limited IPO,"Thu, Jan 16, 2025","Mon, Jan 20, 2025","Thu, Jan 23, 2025",90.00,199.45,Stallion India IPO,stallion-india-ipo,9365,2025-01-16T00:00:00.000Z,2025-01-20T00:00:00.000Z,2025-01-23T00:00:00.000Z,,Stallion India Fluorochemicals Limited IPO,https://www.chittorgarh.net/images/ipo/stallion-india-fluorochemicals-logo.png,2025-01-16T00:00:00.000Z,"BSE, NSE",Sarthi Capital Advisors
Kabra Jewels Limited IPO,"Wed, Jan 15, 2025","Fri, Jan 17, 2025","Wed, Jan 22, 2025",128.00,40.00,Kabra Jewels IPO,kabra-jewels-ipo,9340,2025-01-15T00:00:00.000Z,2025-01-17T00:00:00.000Z,2025-01-22T00:00:00.000Z,,Kabra Jewels Limited IPO,https://www.chittorgarh.net/images/ipo/kk-jewels-ipo-logo.jpg,2025-01-15T00:00:00.000Z,NSE SME,Marwadi Chandarana Group
Rikhav Securities Limited IPO,"Wed, Jan 15, 2025","Fri, Jan 17, 2025","Wed, Jan 22, 2025",86.00,88.82,Rikhav Securities IPO,rikhav-securities-ipo,9350,2025-01-15T00:00:00.000Z,2025-01-17T00:00:00.000Z,2025-01-22T00:00:00.000Z,,Rikhav Securities Limited IPO,https://www.chittorgarh.net/images/ipo/rikhav_securities_logo.jpg,2025-01-15T00:00:00.000Z,BSE SME,Smart Horizon Capital Advisors
Laxmi Dental Limited IPO,"Mon, Jan 13, 2025","Wed, Jan 15, 2025","Mon, Jan 20, 2025",428.00,698.06,Laxmi Dental IPO,laxmi-dental-ipo,9335,2025-01-13T00:00:00.000Z,2025-01-15T00:00:00.000Z,2025-01-20T00:00:00.000Z,,Laxmi Dental Limited IPO,https://www.chittorgarh.net/images/ipo/laxmi-dental-ipo-logo.png,2025-01-13T00:00:00.000Z,"BSE, NSE",Nuvama Wealth
Barflex Polyfilms Limited IPO,"Fri, Jan 10, 2025","Wed, Jan 15, 2025","Mon, Jan 20, 2025",60.00,39.42,Barflex Polyfilms IPO,barflex-polyfilms-ipo,9330,2025-01-10T00:00:00.000Z,2025-01-15T00:00:00.000Z,2025-01-20T00:00:00.000Z,,Barflex Polyfilms Limited IPO,https://www.chittorgarh.net/images/ipo/baeflex_polyfilms_logo.jpeg,2025-01-10T00:00:00.000Z,NSE SME,Almondz Financial
Sat Kartar Shopping Limited IPO,"Fri, Jan 10, 2025","Tue, Jan 14, 2025","Fri, Jan 17, 2025",81.00,33.80,Sat Kartar Shopping IPO,sat-kartar-shopping-ipo,9325,2025-01-10T00:00:00.000Z,2025-01-14T00:00:00.000Z,2025-01-17T00:00:00.000Z,,Sat Kartar Shopping Limited IPO,https://www.chittorgarh.net/images/ipo/sat-kartar-logo.jpeg,2025-01-10T00:00:00.000Z,NSE SME,Narnolia Financial
Avax Apparels And Ornaments Limited IPO,"Tue, Jan 07, 2025","Thu, Jan 09, 2025","Tue, Jan 14, 2025",70.00,1.92,Avax Apparels And Ornaments IPO,avax-apparels-and-ornaments-ipo,8903,2025-01-07T00:00:00.000Z,2025-01-09T00:00:00.000Z,2025-01-14T00:00:00.000Z,,Avax Apparels And Ornaments Limited IPO,https://www.chittorgarh.net/images/ipo/avax_apperals_logo.jpeg,2025-01-07T00:00:00.000Z,BSE SME,SKI Capital Services
Quadrant Future Tek Limited IPO,"Tue, Jan 07, 2025","Thu, Jan 09, 2025","Tue, Jan 14, 2025",290.00,290.00,Quadrant Future Tek IPO,quadrant-future-tek-ipo,9305,2025-01-07T00:00:00.000Z,2025-01-09T00:00:00.000Z,2025-01-14T00:00:00.000Z,,Quadrant Future Tek Limited IPO,https://www.chittorgarh.net/images/ipo/qudrant_future_logo.jpeg,2025-01-07T00:00:00.000Z,"BSE, NSE",Sundae Capital Advisors
Delta Autocorp Limited IPO,"Tue, Jan 07, 2025","Thu, Jan 09, 2025","Tue, Jan 14, 2025",130.00,54.60,Delta Autocorp IPO,delta-autocorp-ipo,9310,2025-01-07T00:00:00.000Z,2025-01-09T00:00:00.000Z,2025-01-14T00:00:00.000Z,,Delta Autocorp Limited IPO,https://www.chittorgarh.net/images/ipo/delta-atocorp-ipo-logo.jpg,2025-01-07T00:00:00.000Z,NSE SME,GYR Capital Advisors
Capital Infra Trust InvIT,"Tue, Jan 07, 2025","Thu, Jan 09, 2025","Fri, Jan 17, 2025",99.00,1578.00,Capital Infra Trust Invit,capital-infra-trust-invit,9315,2025-01-07T00:00:00.000Z,2025-01-09T00:00:00.000Z,2025-01-17T00:00:00.000Z,,Capital Infra Trust InvIT,https://www.chittorgarh.net/images/ipo/capital_infra_logo.jpeg,2025-01-07T00:00:00.000Z,"BSE, NSE",SBI Capital
B.R.Goyal Infrastructure Limited IPO,"Tue, Jan 07, 2025","Thu, Jan 09, 2025","Tue, Jan 14, 2025",135.00,85.21,B.R.Goyal IPO,brgoyal-ipo,9320,2025-01-07T00:00:00.000Z,2025-01-09T00:00:00.000Z,2025-01-14T00:00:00.000Z,,B.R.Goyal Infrastructure Limited IPO,https://www.chittorgarh.net/images/ipo/br-goyal-ipo-logo.jpg,2025-01-07T00:00:00.000Z,BSE SME,Beeline Capital
Standard Glass Lining Technology Limited IPO,"Mon, Jan 06, 2025","Wed, Jan 08, 2025","Mon, Jan 13, 2025",140.00,410.05,Standard Glass Lining IPO,standard-glass-lining-ipo,9290,2025-01-06T00:00:00.000Z,2025-01-08T00:00:00.000Z,2025-01-13T00:00:00.000Z,,Standard Glass Lining Technology Limited IPO,https://www.chittorgarh.net/images/ipo/standard_glass_logo.png,2025-01-06T00:00:00.000Z,"NSE, BSE",IIFL Capital
Indobell Insulation Limited IPO,"Mon, Jan 06, 2025","Wed, Jan 08, 2025","Mon, Jan 13, 2025",46.00,10.14,Indobell Insulation IPO,indobell-insulation-ipo,9310,2025-01-06T00:00:00.000Z,2025-01-08T00:00:00.000Z,2025-01-13T00:00:00.000Z,,Indobell Insulation Limited IPO,https://www.chittorgarh.net/images/ipo/indobell_insulation-logo.png,2025-01-06T00:00:00.000Z,BSE SME,Finshore
Fabtech Technologies Cleanrooms Limited IPO,"Fri, Jan 03, 2025","Tue, Jan 07, 2025","Fri, Jan 10, 2025",85.00,27.74,Fabtech Technologies IPO,fabtech-technologies-ipo,9285,2025-01-03T00:00:00.000Z,2025-01-07T00:00:00.000Z,2025-01-10T00:00:00.000Z,,Fabtech Technologies Cleanrooms Limited IPO,https://www.chittorgarh.net/images/ipo/fabtech-technologies-logo.jpg,2025-01-03T00:00:00.000Z,BSE SME,Vivro Financial
Davin Sons Retail Limited IPO,"Thu, Jan 02, 2025","Mon, Jan 06, 2025","Thu, Jan 09, 2025",55.00,8.78,Davin Sons IPO,davin-sons-ipo,9295,2025-01-02T00:00:00.000Z,2025-01-06T00:00:00.000Z,2025-01-09T00:00:00.000Z,,Davin Sons Retail Limited IPO,https://www.chittorgarh.net/images/ipo/davinsons_logo.png,2025-01-02T00:00:00.000Z,BSE SME,Navigant Corporate
Parmeshwar Metal Limited IPO,"Thu, Jan 02, 2025","Mon, Jan 06, 2025","Thu, Jan 09, 2025",61.00,24.74,Parmeshwar Metal IPO,parmeshwar-metal-ipo,9300,2025-01-02T00:00:00.000Z,2025-01-06T00:00:00.000Z,2025-01-09T00:00:00.000Z,,Parmeshwar Metal Limited IPO,https://www.chittorgarh.net/images/ipo/parmeshwer_logo.png,2025-01-02T00:00:00.000Z,BSE SME,Beeline Capital
Leo Dry Fruits and Spices Trading Ltd IPO,"Wed, Jan 01, 2025","Fri, Jan 03, 2025","Wed, Jan 08, 2025",52.00,25.12,Leo Dry Fruits and Spices IPO,leo-dry-fruits-and-spices-ipo,9280,2025-01-01T00:00:00.000Z,2025-01-03T00:00:00.000Z,2025-01-08T00:00:00.000Z,,Leo Dry Fruits and Spices Trading Ltd IPO,https://www.chittorgarh.net/images/ipo/leodryfruits_logo.jpeg,2025-01-01T00:00:00.000Z,BSE SME,Shreni Shares
