Company Logo URL,Financial - Assets (31 Dec 2024),Financial - Assets (31 Jan 2025),Financial - Assets (31 Mar 2022),Financial - Assets (31 Mar 2023),Financial - Assets (31 Mar 2024),Financial - Assets (31 Mar 2025),Financial - EBITDA (31 Dec 2024),Financial - EBITDA (31 Jan 2025),Financial - EBITDA (31 Mar 2022),Financial - EBITDA (31 Mar 2023),Financial - EBITDA (31 Mar 2024),Financial - EBITDA (31 Mar 2025),Financial - Net Worth (31 Dec 2024),Financial - Net Worth (31 Jan 2025),Financial - Net Worth (31 Mar 2022),Financial - Net Worth (31 Mar 2023),Financial - Net Worth (31 Mar 2024),Financial - Net Worth (31 Mar 2025),Financial - Profit After Tax (31 Dec 2024),Financial - Profit After Tax (31 Jan 2025),Financial - Profit After Tax (31 Mar 2022),Financial - Profit After Tax (31 Mar 2023),Financial - Profit After Tax (31 Mar 2024),Financial - Profit After Tax (31 Mar 2025),Financial - Reserves and Surplus (31 Dec 2024),Financial - Reserves and Surplus (31 Jan 2025),Financial - Reserves and Surplus (31 Mar 2022),Financial - Reserves and Surplus (31 Mar 2023),Financial - Reserves and Surplus (31 Mar 2024),Financial - Reserves and Surplus (31 Mar 2025),Financial - Revenue (31 Dec 2024),Financial - Revenue (31 Jan 2025),Financial - Revenue (31 Mar 2022),Financial - Revenue (31 Mar 2023),Financial - Revenue (31 Mar 2024),Financial - Revenue (31 Mar 2025),Financial - Total Borrowing (31 Dec 2024),Financial - Total Borrowing (31 Jan 2025),Financial - Total Borrowing (31 Mar 2022),Financial - Total Borrowing (31 Mar 2023),Financial - Total Borrowing (31 Mar 2024),Financial - Total Borrowing (31 Mar 2025),IPO Name,IPO Overview,Latest GMP Update,class_ipo_status,company_short_name,id,ipo_category,ipo_status,issue_end_dt,issue_open_dt,issue_size,listing_at,orderdate,orderdate_dateformat,urlrewrite_folder_name,urlrewrite_folder_name_main
https://www.chittorgarh.net/images/ipo/crizac-logo.jpeg,,,,,,,,,,,,,,,,,,,,,,,,,,,,,,,,,,,,,,,,,,,N/A,"Crizac Mainline IPOworth of ₹860.00 Cr is coming soon. it is a Mainline IPO which will list on BSE, NSE.IPO opening and closing dates, IPO price band and lot size are yet to be announced.Stay connected with us to get the complete Crizac Mainline IPO 2025 details including business overview, financial performance, IPO opening and closing dates, GMP, issue details and subscription details. IPO opening and closing dates, IPO price band and lot size are yet to be announced.","{""GMP Date"": ""27-06-2025"", ""IPO Price"": """", ""GMP"": ""\u20b90"", ""Sub2 Sauda Rate"": ""--"", ""Estimated Listing Price"": ""\u20b9 (0.00%)"", ""Estimated Profit*"": """", ""Last Updated"": ""27-Jun-2025 5:55""}",color-lightyellow,Crizac,1308,Mainline,Upcoming,04-07-2025,02-07-2025,&#8377;860.00 Cr,"BSE, NSE",04-07-2025,2025-07-04T00:00:00.000Z,crizac-ipo,ipo
https://www.chittorgarh.net/images/ipo/indogulf-cropsciences-ipo-logo.png,,,,,,,,,,,,,,,,,,,,,,,,,,,,,,,,,,,,,,,,,,,N/A,"Indogulf Cropsciences IPO, a Mainline IPO of₹200.00 Cropens for subscription fromJune 26, 2025 to June 30, 2025. The IPO consists of ₹160.00 Cr fresh issue and ₹40.00 Cr offer for sale. The face value of each share is 10, and the price band is set between105.00-111.00 per share. Retail investors can apply to the Indogulf Cropsciences Mainline IPO with a minimum application of 1 lot, each comprising135 shares—amounting to a total investment of Rs14985. The tentative listing date on the exchange(BSE, NSE) is 03-07-2025. Stay tuned with us to get more details about Indogulf Cropsciences Mainline IPO including business overview, financial performance, live subscription status, allotment details, daily grey market premium (GMP), listing date, and listing price.","{""GMP Date"": ""27-06-2025"", ""IPO Price"": ""111.00"", ""GMP"": ""\u20b99"", ""Sub2 Sauda Rate"": ""900/12600"", ""Estimated Listing Price"": ""\u20b9120 (8.11%)"", ""Estimated Profit*"": ""\u20b91215"", ""Last Updated"": ""27-Jun-2025 7:35""}",color-honeydew,Indogulf Cropsciences,1299,Mainline,Open,30-06-2025,26-06-2025,&#8377;200.00 Cr,"BSE, NSE",30-06-2025,2025-06-30T00:00:00.000Z,indogulf-cropsciences-ipo,ipo
https://www.chittorgarh.net/images/ipo/sambhv-steel-logo.jpeg .jpeg,,,,,,,,,,,,,,,,,,,,,,,,,,,,,,,,,,,,,,,,,,,N/A,"Sambhv Steel Tubes IPO, a Mainline IPO of₹540.00 Cropens for subscription fromJune 25, 2025 to June 27, 2025. The IPO consists of ₹440.00 Cr fresh issue and ₹100.00 Cr offer for sale. The face value of each share is 10, and the price band is set between77.00-82.00 per share. Retail investors can apply to the Sambhv Steel Tubes Mainline IPO with a minimum application of 1 lot, each comprising182 shares—amounting to a total investment of Rs14924. The tentative listing date on the exchange(BSE, NSE) is 02-07-2025. Stay tuned with us to get more details about Sambhv Steel Tubes Mainline IPO including business overview, financial performance, live subscription status, allotment details, daily grey market premium (GMP), listing date, and listing price.","{""GMP Date"": ""27-06-2025"", ""IPO Price"": ""82.00"", ""GMP"": ""\u20b911"", ""Sub2 Sauda Rate"": ""1500/21000"", ""Estimated Listing Price"": ""\u20b993 (13.41%)"", ""Estimated Profit*"": ""\u20b92002"", ""Last Updated"": ""27-Jun-2025 6:37""}",color-honeydew,Sambhv Steel Tubes,1279,Mainline,Open,27-06-2025,25-06-2025,&#8377;540.00 Cr,"BSE, NSE",27-06-2025,2025-06-27T00:00:00.000Z,sambhv-steel-tubes-ipo,ipo
https://www.chittorgarh.net/images/ipo/hbd-financial-logo.jpeg,,,,,,,,,,,,,,,,,,,,,,,,,,,,,,,,,,,,,,,,,,,N/A,"HDB Financial IPO, a Mainline IPO of₹12500.00 Cropens for subscription fromJune 25, 2025 to June 27, 2025. The IPO consists of ₹2500.00 Cr fresh issue and ₹10000.00 Cr offer for sale. The face value of each share is 10, and the price band is set between700.00-740.00 per share. Retail investors can apply to the HDB Financial Mainline IPO with a minimum application of 1 lot, each comprising20 shares—amounting to a total investment of Rs14800. The tentative listing date on the exchange(BSE, NSE) is 02-07-2025. Stay tuned with us to get more details about HDB Financial Mainline IPO including business overview, financial performance, live subscription status, allotment details, daily grey market premium (GMP), listing date, and listing price.","{""GMP Date"": ""27-06-2025"", ""IPO Price"": ""740.00"", ""GMP"": ""\u20b960"", ""Sub2 Sauda Rate"": ""900/12600"", ""Estimated Listing Price"": ""\u20b9800 (8.11%)"", ""Estimated Profit*"": ""\u20b91200"", ""Last Updated"": ""27-Jun-2025 8:31""}",color-honeydew,HDB Financial,1276,Mainline,Open,27-06-2025,25-06-2025,&#8377;12500.00 Cr,"BSE, NSE",27-06-2025,2025-06-27T00:00:00.000Z,hdb-financial,ipo
https://www.chittorgarh.net/images/ipo/kalpataru-logo.png,,,,,,,,,,,,,,,,,,,,,,,,,,,,,,,,,,,,,,,,,,,N/A,"Kalpataru IPO, a Mainline IPO of₹1590.00 Cropens for subscription fromJune 24, 2025 to June 26, 2025. The IPO consists of ₹1590.00 Cr fresh issue. The face value of each share is 10, and the price band is set between387.00-414.00 per share. Retail investors can apply to the Kalpataru Mainline IPO with a minimum application of 1 lot, each comprising36 shares—amounting to a total investment of Rs14904. The tentative listing date on the exchange(BSE, NSE) is 01-07-2025. Stay tuned with us to get more details about Kalpataru Mainline IPO including business overview, financial performance, live subscription status, allotment details, daily grey market premium (GMP), listing date, and listing price.","{""GMP Date"": ""27-06-2025"", ""IPO Price"": ""414.00"", ""GMP"": ""\u20b93"", ""Sub2 Sauda Rate"": ""100/1400"", ""Estimated Listing Price"": ""\u20b9417 (0.72%)"", ""Estimated Profit*"": ""\u20b9108"", ""Last Updated"": ""27-Jun-2025 5:57""}",color-antiquewhite,Kalpataru,1277,Mainline,Closed,26-06-2025,24-06-2025,&#8377;1590.00 Cr,"BSE, NSE",26-06-2025,2025-06-26T00:00:00.000Z,kalpataru-ipo,ipo
https://www.chittorgarh.net/images/ipo/ellenbarrie-industrial-logo.png,,,,551.27,672.54,845.97,,,,33.59,61.53,109.74,,,,203.32,250.15,333.62,,,,28.14,45.29,83.29,,,,356.51,403.35,467.17,,,,223.71,290.20,348.43,,,,101.10,176.90,245.30,N/A,"Ellenbarrie Industrial Gases IPO, a Mainline IPO of₹852.53 Cropens for subscription fromJune 24, 2025 to June 26, 2025. The IPO consists of ₹400.00 Cr fresh issue and ₹452.53 Cr offer for sale. The face value of each share is 2, and the price band is set between380.00-400.00 per share. Retail investors can apply to the Ellenbarrie Industrial Gases Mainline IPO with a minimum application of 1 lot, each comprising37 shares—amounting to a total investment of Rs14800. The tentative listing date on the exchange(BSE, NSE) is 01-07-2025. Stay tuned with us to get more details about Ellenbarrie Industrial Gases Mainline IPO including business overview, financial performance, live subscription status, allotment details, daily grey market premium (GMP), listing date, and listing price.","{""GMP Date"": ""27-06-2025"", ""IPO Price"": ""400.00"", ""GMP"": ""\u20b941"", ""Sub2 Sauda Rate"": ""1200/16800"", ""Estimated Listing Price"": ""\u20b9441 (10.25%)"", ""Estimated Profit*"": ""\u20b91517"", ""Last Updated"": ""27-Jun-2025 6:58""}",color-antiquewhite,Ellenbarrie Industrial Gases,1278,Mainline,Closed,26-06-2025,24-06-2025,&#8377;852.53 Cr,"BSE, NSE",26-06-2025,2025-06-26T00:00:00.000Z,ellenbarrie-industrial-gases-ipo,ipo
https://www.chittorgarh.net/images/ipo/globe-civil-logo.png,,,,,,,,,,,,,,,,,,,,,,,,,,,,,,,,,,,,,,,,,,,N/A,"Globe Civil Projects IPO, a Mainline IPO of₹119.00 Cropens for subscription fromJune 24, 2025 to June 26, 2025. The IPO consists of ₹119.00 Cr fresh issue. The face value of each share is 10, and the price band is set between67.00-71.00 per share. Retail investors can apply to the Globe Civil Projects Mainline IPO with a minimum application of 1 lot, each comprising211 shares—amounting to a total investment of Rs14981. The tentative listing date on the exchange(BSE, NSE) is 01-07-2025. Stay tuned with us to get more details about Globe Civil Projects Mainline IPO including business overview, financial performance, live subscription status, allotment details, daily grey market premium (GMP), listing date, and listing price.","{""GMP Date"": ""27-06-2025"", ""IPO Price"": ""71.00"", ""GMP"": ""\u20b919"", ""Sub2 Sauda Rate"": ""3000/42000"", ""Estimated Listing Price"": ""\u20b990 (26.76%)"", ""Estimated Profit*"": ""\u20b94009"", ""Last Updated"": ""27-Jun-2025 8:55""}",color-antiquewhite,Globe Civil Projects,1280,Mainline,Closed,26-06-2025,24-06-2025,&#8377;119.00 Cr,"BSE, NSE",26-06-2025,2025-06-26T00:00:00.000Z,globe-civil-projects-ipo,ipo
https://www.chittorgarh.net/images/ipo/arisinfra_logo.jpg,,,,,,,,,,,,,,,,,,,,,,,,,,,,,,,,,,,,,,,,,,,N/A,"Arisinfra Solutions IPO, a Mainline IPO worth ₹499.60 Cr, was launched from June 18, 2025, to June 20, 2025, and got listed onBSE, NSE on June 25, 2025. The public issue of Arisinfra Solutions IPO (ARISINFRA,544419) was offered at₹222.00 per shareand was listed at₹205.00,resulting in a listing loss of -7.66%. With a minimum lot size of 67 shares, the IPO incurring a loss of ₹-1139 per lot on listing.","{""GMP Date"": ""25-06-2025"", ""IPO Price"": ""222.00"", ""GMP"": ""\u20b90"", ""Sub2 Sauda Rate"": ""--"", ""Estimated Listing Price"": ""\u20b9222 (0.00%)"", ""Estimated Profit*"": ""\u20b90"", ""Last Updated"": ""25-Jun-2025 5:55""}",,Arisinfra Solutions,1275,Mainline,Listed,20-06-2025,18-06-2025,&#8377;499.60 Cr,"BSE, NSE",20-06-2025,2025-06-20T00:00:00.000Z,arisinfra-solutions-ipo,ipo
https://www.chittorgarh.net/images/ipo/silky_overseas-logo.jpg,,68.70,37.07,40.70,50.69,,,15.08,2.97,5.35,11.01,,,24.31,3.59,4.61,15.14,,,9.17,-0.42,0.98,5.53,,,19.85,-0.26,0.75,10.68,,,105.35,50.17,68.35,70.26,,,20.75,31.00,28.80,25.72,,N/A,"Silky Overseas IPO, a SME IPO of₹25.63 Cropens for subscription fromJune 30, 2025 to July 2, 2025. The IPO consists of ₹25.63 Cr fresh issue. The face value of each share is 10, and the price band is set between153.00-161.00 per share. Retail investors can apply to the Silky Overseas SME IPO with a minimum application of 1 lot, each comprising800 shares—amounting to a total investment of Rs128800. The tentative listing date on the exchange(NSE SME) is 07-07-2025. Stay tuned with us to get more details about Silky Overseas SME IPO including business overview, financial performance, live subscription status, allotment details, daily grey market premium (GMP), listing date, and listing price.","{""GMP Date"": ""27-06-2025"", ""IPO Price"": ""161.00"", ""GMP"": ""\u20b916"", ""Sub2 Sauda Rate"": ""9700"", ""Estimated Listing Price"": ""\u20b9177 (9.94%)"", ""Estimated Profit*"": ""\u20b912800"", ""Last Updated"": ""27-Jun-2025 8:58""}",color-lightyellow,Silky Overseas,1307,SME,Upcoming,02-07-2025,30-06-2025,&#8377;25.63 Cr,NSE SME,02-07-2025,2025-07-02T00:00:00.000Z,silky-overseas-sme-ipo,ipo
https://www.chittorgarh.net/images/ipo/vandan-foods-ipo-logo.jpg,31.69,,4.20,4.74,12.12,,6.92,,-0.08,0.99,3.65,,14.01,,-0.05,2.18,9.47,,4.54,,-0.11,0.64,2.64,,8.26,,-0.06,2.04,6.60,,72.66,,1.61,11.59,48.73,,13.89,,3.45,0.39,,,N/A,"Vandan Foods IPO, a SME IPO of₹28.84 Cropens for subscription fromJune 30, 2025 to July 2, 2025. The IPO consists of ₹28.84 Cr fresh issue. The face value of each share is 10, and the price band is set between115.00 per share. Retail investors can apply to the Vandan Foods SME IPO with a minimum application of 1 lot, each comprising1200 shares—amounting to a total investment of Rs138000. The tentative listing date on the exchange(BSE SME) is 07-07-2025. Stay tuned with us to get more details about Vandan Foods SME IPO including business overview, financial performance, live subscription status, allotment details, daily grey market premium (GMP), listing date, and listing price.","{""GMP Date"": ""27-06-2025"", ""IPO Price"": ""115.00"", ""GMP"": ""\u20b90"", ""Sub2 Sauda Rate"": ""--"", ""Estimated Listing Price"": ""\u20b9115 (0.00%)"", ""Estimated Profit*"": ""\u20b90"", ""Last Updated"": ""27-Jun-2025 8:31""}",color-lightyellow,Vandan Foods,1306,SME,Upcoming,02-07-2025,30-06-2025,&#8377;28.84 Cr,BSE SME,02-07-2025,2025-07-02T00:00:00.000Z,vandan-foods-sme-ipo,ipo
https://www.chittorgarh.net/images/ipo/cedaar-textile-logo.jpeg,,,,,,,,,,,,,,,,,,,,,,,,,,,,,,,,,,,,,,,,,,,N/A,"Cedaar Textile IPO IPO, a SME IPO of₹57.85 Cropens for subscription fromJune 30, 2025 to July 2, 2025. The IPO consists of ₹57.85 Cr fresh issue. The face value of each share is 10, and the price band is set between130.00-140.00 per share. Retail investors can apply to the Cedaar Textile IPO SME IPO with a minimum application of 1 lot, each comprising1000 shares—amounting to a total investment of Rs140000. The tentative listing date on the exchange(NSE SME) is 07-07-2025. Stay tuned with us to get more details about Cedaar Textile IPO SME IPO including business overview, financial performance, live subscription status, allotment details, daily grey market premium (GMP), listing date, and listing price.","{""GMP Date"": ""27-06-2025"", ""IPO Price"": ""140.00"", ""GMP"": ""\u20b910"", ""Sub2 Sauda Rate"": ""7600"", ""Estimated Listing Price"": ""\u20b9150 (7.14%)"", ""Estimated Profit*"": ""\u20b910000"", ""Last Updated"": ""27-Jun-2025 9:33""}",color-lightyellow,Cedaar Textile IPO,1304,SME,Upcoming,02-07-2025,30-06-2025,&#8377;57.85 Cr,NSE SME,02-07-2025,2025-07-02T00:00:00.000Z,cedaar-textile-sme-ipo,ipo
https://www.chittorgarh.net/images/ipo/pushpajewellerslogo.png,,,,43.39,51.46,91.10,,,,,,,,,,22.50,36.08,58.14,,,,8.14,13.58,22.29,,,,22.27,35.84,39.28,,,,165.84,255.49,281.27,,,,14.79,8.26,21.93,N/A,"Pushpa Jewellers IPO, a SME IPO of₹93.71 Cropens for subscription fromJune 30, 2025 to July 2, 2025. The IPO consists of ₹74.00 Cr fresh issue and ₹19.71 Cr offer for sale. The face value of each share is 10, and the price band is set between143.00-147.00 per share. Retail investors can apply to the Pushpa Jewellers SME IPO with a minimum application of 1 lot, each comprising1000 shares—amounting to a total investment of Rs147000. The tentative listing date on the exchange(NSE SME) is 07-07-2025. Stay tuned with us to get more details about Pushpa Jewellers SME IPO including business overview, financial performance, live subscription status, allotment details, daily grey market premium (GMP), listing date, and listing price.","{""GMP Date"": ""27-06-2025"", ""IPO Price"": ""147.00"", ""GMP"": ""\u20b90"", ""Sub2 Sauda Rate"": ""--"", ""Estimated Listing Price"": ""\u20b9147 (0.00%)"", ""Estimated Profit*"": ""\u20b90"", ""Last Updated"": ""27-Jun-2025 9:58""}",color-lightyellow,Pushpa Jewellers,1302,SME,Upcoming,02-07-2025,30-06-2025,&#8377;93.71 Cr,NSE SME,02-07-2025,2025-07-02T00:00:00.000Z,pushpa-jewellers-sme-ipo,ipo
https://www.chittorgarh.net/images/ipo/marc-loire-ipo-logo.jpg,,,,,,,,,,,,,,,,,,,,,,,,,,,,,,,,,,,,,,,,,,,N/A,"Marc Loire IPO, a SME IPO of₹19.94 Cropens for subscription fromJune 30, 2025 to July 2, 2025. The IPO consists of ₹19.94 Cr fresh issue. The face value of each share is 10, and the price band is set between100.00 per share. Retail investors can apply to the Marc Loire SME IPO with a minimum application of 1 lot, each comprising1200 shares—amounting to a total investment of Rs120000. The tentative listing date on the exchange(BSE SME) is 07-07-2025. Stay tuned with us to get more details about Marc Loire SME IPO including business overview, financial performance, live subscription status, allotment details, daily grey market premium (GMP), listing date, and listing price.","{""GMP Date"": ""27-06-2025"", ""IPO Price"": ""100.00"", ""GMP"": ""\u20b90"", ""Sub2 Sauda Rate"": ""--"", ""Estimated Listing Price"": ""\u20b9100 (0.00%)"", ""Estimated Profit*"": ""\u20b90"", ""Last Updated"": ""27-Jun-2025 8:57""}",color-lightyellow,Marc Loire,1301,SME,Upcoming,02-07-2025,30-06-2025,&#8377;19.94 Cr,BSE SME,02-07-2025,2025-07-02T00:00:00.000Z,marc-loire-sme-ipo,ipo
https://www.chittorgarh.net/images/ipo/adcounty-media-logo.jpeg,,,,26.84,29.51,47.92,,,,10.40,10.80,18.25,,,,11.92,20.27,37.90,,,,7.64,8.28,13.75,,,,11.91,20.26,21.36,,,,53.64,43.24,69.58,,,,0.29,,,N/A,"Adcounty Media India IPO, a SME IPO of₹47.83 Cropens for subscription fromJune 27, 2025 to July 1, 2025. The IPO consists of ₹47.83 Cr fresh issue. The face value of each share is 10, and the price band is set between80.00-85.00 per share. Retail investors can apply to the Adcounty Media India SME IPO with a minimum application of 1 lot, each comprising1600 shares—amounting to a total investment of Rs136000. The tentative listing date on the exchange(BSE SME) is 04-07-2025. Stay tuned with us to get more details about Adcounty Media India SME IPO including business overview, financial performance, live subscription status, allotment details, daily grey market premium (GMP), listing date, and listing price.","{""GMP Date"": ""27-06-2025"", ""IPO Price"": ""85.00"", ""GMP"": ""\u20b933"", ""Sub2 Sauda Rate"": ""40100"", ""Estimated Listing Price"": ""\u20b9118 (38.82%)"", ""Estimated Profit*"": ""\u20b952800"", ""Last Updated"": ""27-Jun-2025 7:58""}",color-honeydew,Adcounty Media India,1303,SME,Open,01-07-2025,27-06-2025,&#8377;47.83 Cr,BSE SME,01-07-2025,2025-07-01T00:00:00.000Z,adcounty-media-india-sme-ipo,ipo
https://www.chittorgarh.net/images/ipo/neetu-yoshi-ipo-logo.jpg,,,,,,,,,,,,,,,,,,,,,,,,,,,,,,,,,,,,,,,,,,,N/A,"Neetu Yoshi IPO, a SME IPO of₹73.14 Cropens for subscription fromJune 27, 2025 to July 1, 2025. The IPO consists of ₹73.14 Cr fresh issue. The face value of each share is 5, and the price band is set between71.00-75.00 per share. Retail investors can apply to the Neetu Yoshi SME IPO with a minimum application of 1 lot, each comprising1600 shares—amounting to a total investment of Rs120000. The tentative listing date on the exchange(BSE SME) is 04-07-2025. Stay tuned with us to get more details about Neetu Yoshi SME IPO including business overview, financial performance, live subscription status, allotment details, daily grey market premium (GMP), listing date, and listing price.","{""GMP Date"": ""27-06-2025"", ""IPO Price"": ""75.00"", ""GMP"": ""\u20b924"", ""Sub2 Sauda Rate"": ""29200"", ""Estimated Listing Price"": ""\u20b999 (32.00%)"", ""Estimated Profit*"": ""\u20b938400"", ""Last Updated"": ""27-Jun-2025 9:32""}",color-honeydew,Neetu Yoshi,1295,SME,Open,01-07-2025,27-06-2025,&#8377;73.14 Cr,BSE SME,01-07-2025,2025-07-01T00:00:00.000Z,neetu-yoshi-sme-ipo,ipo
